Time,Name,PID,CPU_Total,Memory_Used_GB,Disk_Read_MB,Disk_Write_MB
1752078993,cmake,6055,0.0,0.01025390625,0.0,0.0
1752078993,cmake,6056,0.0,0.01025390625,0.0,0.0
1752078993,rootcling,6062,89.9,0.179534912109375,7.15234375,0.00390625
1752078993,cmake,6060,0.0,0.01025390625,0.0,0.0
1752078993,rootcling,6066,109.8,0.1954803466796875,8.0546875,0.0
1752078993,cmake,6061,0.0,0.01025390625,0.0,0.0
1752078993,rootcling,6067,99.9,0.21050643920898438,8.33984375,0.0
1752078993,cmake,6065,0.0,0.010009765625,0.0,0.0
1752078993,rootcling,6068,99.9,0.21700286865234375,6.25,0.00390625
1752078993,cmake,6071,0.0,0.0101318359375,0.0,0.0
1752078993,rootcling,6074,99.9,0.2359619140625,3.8359375,0.0
1752078993,cmake,6072,0.0,0.01025390625,0.0,0.0
1752078993,rootcling,6073,109.8,0.24827957153320312,5.125,0.0
1752079012,cmake,6760,0.0,0.0101318359375,0.0,0.0
1752079012,rootcling,6767,99.9,0.3003501892089844,0.01171875,0.00390625
1752079012,cmake,6762,0.0,0.010009765625,0.0,0.0
1752079012,rootcling,6771,109.9,0.29135894775390625,0.04296875,0.00390625
1752079012,cmake,6769,0.0,0.01025390625,0.0,0.0
1752079012,rootcling,6773,99.9,0.3304252624511719,0.01171875,0.00390625
1752079040,cmake,7272,0.0,0.0103759765625,0.0,0.0
1752079040,rootcling,7273,99.9,0.25063323974609375,0.00390625,0.0
1752079048,cmake,7326,0.0,0.0101318359375,0.0,0.0
1752079048,rootcling,7327,99.9,0.22172927856445312,0.015625,0.0
