Time,Name,PID,CPU_Total,Memory_Used_GB,Disk_Read_MB,Disk_Write_MB
1751468172,cmake,4624,10.0,0.0164794921875,46.203125,0.39453125
1751468173,cmake,4624,10.0,0.025146484375,52.4375,3.5625
1751468175,cmake,4624,10.0,0.0321044921875,58.8203125,7.6484375
1751468176,cmake,4624,0.0,0.0321044921875,61.80078125,13.4296875
1751468177,cmake,4624,89.9,0.05908203125,62.78515625,17.00390625
1751468178,cmake,4624,59.9,0.1192626953125,62.91796875,18.88671875
1751468180,cmake,4624,109.9,0.189117431640625,63.48828125,101.83984375
