Time,Name,PID,CPU_Total,Memory_Used_GB,Disk_Read_MB,Disk_Write_MB
1752011149,cmake,6438,0.0,0.01025390625,0.0,0.0
1752011149,rootcling,6441,109.9,0.09078598022460938,0.0,0.0
1752011149,cmake,6452,0.0,0.01025390625,0.0,0.0
1752011149,rootcling,6461,99.9,0.10346603393554688,0.0,0.0
1752011149,cmake,6453,0.0,0.01025390625,0.0,0.0
1752011149,rootcling,6459,99.9,0.12617874145507812,0.0,0.0
1752011149,cmake,6454,0.0,0.01025390625,0.0,0.0
1752011149,rootcling,6460,89.9,0.1365966796875,0.0,0.0
1752011149,cmake,6455,0.0,0.0101318359375,0.0,0.0
1752011149,rootcling,6463,99.9,0.161529541015625,0.0,0.0
1752011149,cmake,6480,0.0,0.010009765625,0.0,0.0
1752011149,rootcling,6499,99.9,0.18317413330078125,0.0,0.0
1752011149,cmake,6500,0.0,0.01025390625,0.0,0.0
1752011149,rootcling,6501,99.9,0.19237518310546875,0.0,0.0
1752011178,cmake,7353,0.0,0.01025390625,0.0,0.0
1752011185,cmake,7457,0.0,0.01025390625,0.0,0.0
1752011185,rootcling,7458,99.9,0.28865814208984375,0.0,0.03515625
1752011197,cmake,7668,0.0,0.0103759765625,0.0,0.0
1752011197,rootcling,7669,99.9,0.2501220703125,0.0,0.0
1752011204,cmake,7720,0.0,0.0101318359375,0.0,0.0
1752011204,rootcling,7721,99.9,0.21084213256835938,0.0,0.0
