Time,Name,PID,CPU_Total,Memory_Used_GB,Disk_Read_MB,Disk_Write_MB
1752007940,cmake,13404,0.0,0.0101318359375,0.0,0.0
1752007940,rootcling,13410,99.9,0.12691116333007812,0.0,0.01953125
1752007940,cmake,13419,0.0,0.01025390625,0.0,0.0
1752007940,rootcling,13425,109.8,0.14599609375,0.0,0.00390625
1752007940,cmake,13420,0.0,0.01025390625,0.0,0.0
1752007940,rootcling,13429,99.9,0.1605377197265625,0.0,0.0
1752007940,cmake,13422,0.0,0.01025390625,0.0,0.0
1752007940,rootcling,13426,89.9,0.179534912109375,0.0,0.0
1752007940,cmake,13423,0.0,0.01025390625,0.0,0.0
1752007940,rootcling,13427,89.9,0.19421005249023438,0.0,0.0
1752007940,cmake,13424,0.0,0.01025390625,0.0,0.0
1752007940,rootcling,13434,99.9,0.20825576782226562,0.0,0.00390625
1752007940,cmake,13457,0.0,0.010009765625,0.0,0.0
1752007940,rootcling,13464,99.9,0.23194122314453125,0.0,0.0
1752007940,cmake,13458,0.0,0.0098876953125,0.0,0.0
1752007940,rootcling,13463,99.9,0.22310638427734375,0.0,0.0
1752007960,cmake,14117,0.0,0.01025390625,0.0,0.0
1752007960,rootcling,14127,109.9,0.2615509033203125,0.0,0.0
1752007960,cmake,14120,0.0,0.01025390625,0.0,0.0
1752007960,rootcling,14125,89.9,0.30324554443359375,0.0,0.00390625
1752007960,cmake,14121,0.0,0.01025390625,0.0,0.0
1752007960,rootcling,14124,89.9,0.3280982971191406,0.0,0.00390625
1752007970,cmake,14315,0.0,0.01025390625,0.0,0.0
1752007970,rootcling,14316,99.9,0.263458251953125,0.0,0.00390625
1752007976,cmake,14420,0.0,0.0101318359375,0.0,0.0
1752007976,rootcling,14421,109.9,0.21866607666015625,0.0,0.0
1752007996,cmake,14684,0.0,0.01025390625,0.0,0.0
1752007996,rootcling,14685,99.9,0.2852287292480469,0.0,0.00390625
