Time,Name,PID,CPU_Total,Memory_Used_GB,Disk_Read_MB,Disk_Write_MB
1752001810,cmake,8079,0.0,0.01025390625,0.0,0.0
1752001810,rootcling,8088,99.9,0.0872802734375,9.36328125,0.0
1752001810,cmake,8084,0.0,0.0101318359375,0.0,0.0
1752001810,rootcling,8090,99.9,0.1041259765625,7.7734375,0.0
1752001810,cmake,8089,0.0,0.01025390625,0.0,0.0
1752001810,rootcling,8096,99.9,0.11936569213867188,7.96875,0.0
1752001810,cmake,8091,0.0,0.010009765625,0.0,0.0
1752001810,rootcling,8097,89.9,0.1439971923828125,6.96875,0.0
1752001810,cmake,8092,0.0,0.0101318359375,0.0,0.0
1752001810,cmake,8093,0.0,0.01025390625,0.0,0.0
1752001810,rootcling,8099,99.9,0.17982864379882812,6.82421875,0.00390625
1752001810,cmake,8095,0.0,0.0101318359375,0.0,0.0
1752001810,rootcling,8101,99.9,0.18708038330078125,7.37109375,0.00390625
1752001810,cmake,8104,0.0,0.0103759765625,0.0,0.0
1752001810,rootcling,8106,89.9,0.19649887084960938,4.43359375,0.0
1752001810,cmake,8105,0.0,0.01025390625,0.0,0.0
1752001810,rootcling,8107,89.9,0.22669219970703125,4.578125,0.0
1752001839,cmake,8986,0.0,0.01025390625,0.0,0.0
1752001839,rootcling,8987,99.9,0.24138259887695312,0.0,0.00390625
1752001846,cmake,9089,0.0,0.01025390625,0.0,0.0
1752001846,rootcling,9090,99.9,0.20738983154296875,0.0,0.0
1752001866,cmake,9347,0.0,0.0103759765625,0.0,0.0
1752001866,rootcling,9348,99.9,0.2997283935546875,0.015625,0.00390625
