Time,Name,PID,CPU_Total,Memory_Used_GB,Disk_Read_MB,Disk_Write_MB
1752011854,cmake,3661,0.0,0.0101318359375,0.0,0.0
1752011854,rootcling,3669,99.9,0.11279296875,10.27734375,0.01953125
1752011854,cmake,3670,0.0,0.010009765625,0.0,0.0
1752011854,rootcling,3676,99.9,0.12982940673828125,8.51953125,0.00390625
1752011854,cmake,3671,0.0,0.01025390625,0.0,0.0
1752011854,rootcling,3678,99.9,0.14815902709960938,8.859375,0.0
1752011854,cmake,3673,0.0,0.01025390625,0.0,0.0
1752011854,rootcling,3680,99.9,0.180419921875,7.14453125,0.0
1752011854,cmake,3674,0.0,0.01025390625,0.0,0.0
1752011854,rootcling,3679,99.9,0.18451690673828125,7.2578125,0.00390625
1752011854,cmake,3675,0.0,0.01025390625,0.0,0.0
1752011854,cmake,3684,0.0,0.0098876953125,0.0,0.0
1752011854,rootcling,3686,99.9,0.20104598999023438,5.21484375,0.0
1752011854,cmake,3685,0.0,0.01025390625,0.0,0.0
1752011854,rootcling,3687,89.9,0.2376861572265625,4.7109375,0.0
1752011871,cmake,4368,0.0,0.01025390625,0.0,0.0
1752011871,rootcling,4375,99.9,0.0942230224609375,0.0,0.0
1752011871,cmake,4369,0.0,0.0101318359375,0.0,0.0
1752011871,rootcling,4373,89.9,0.12057876586914062,0.0,0.0
1752011871,cmake,4370,0.0,0.0101318359375,0.0,0.0
1752011871,rootcling,4374,99.9,0.1512298583984375,0.0,0.0
1752011883,cmake,4567,0.0,0.01025390625,0.0,0.0
1752011883,rootcling,4568,99.9,0.2326202392578125,0.0,0.00390625
1752011889,cmake,4671,0.0,0.01025390625,0.0,0.0
1752011889,rootcling,4672,99.9,0.1853485107421875,0.0,0.0
1752011903,cmake,4878,0.0,0.01025390625,0.0,0.0
1752011909,cmake,4929,0.0,0.0101318359375,0.0,0.0
1752011909,rootcling,4930,99.9,0.24559402465820312,0.015625,0.0
