Time,Name,PID,CPU_Total,Memory_Used_GB,Disk_Read_MB,Disk_Write_MB
1752010780,cmake,4155,89.9,0.039264678955078125,63.92578125,9.0703125
1752010821,cmake,4571,0.0,0.0101318359375,0.0,0.0
1752010821,cmake,4580,0.0,0.01025390625,0.0,0.0
1752010821,rootcling,4589,69.9,0.15139389038085938,9.41796875,0.0
1752010821,cmake,4581,0.0,0.0103759765625,0.0,0.0
1752010821,rootcling,4588,99.9,0.16996002197265625,7.12890625,0.00390625
1752010821,cmake,4583,0.0,0.01025390625,0.0,0.0
1752010821,rootcling,4590,99.9,0.19436264038085938,6.453125,0.0
1752010821,cmake,4584,0.0,0.010009765625,0.0,0.0
1752010821,rootcling,4591,89.9,0.19324874877929688,6.5390625,0.00390625
1752010821,cmake,4599,0.0,0.01025390625,0.0,0.0
1752010821,rootcling,4600,69.9,0.20815277099609375,4.56640625,0.0
1752010821,cmake,4601,0.0,0.01025390625,0.0,0.0
1752010821,rootcling,4602,99.9,0.23315811157226562,3.84375,0.0
1752010840,cmake,5291,0.0,0.0101318359375,0.0,0.0
1752010840,rootcling,5299,99.9,0.3070945739746094,0.04296875,0.0859375
1752010840,cmake,5294,0.0,0.0101318359375,0.0,0.0
1752010840,rootcling,5301,99.9,0.3372802734375,0.01171875,0.00390625
1752010840,cmake,5300,0.0,0.0103759765625,0.0,0.0
1752010840,rootcling,5303,99.9,0.3534202575683594,0.01171875,0.11328125
1752010848,cmake,5490,0.0,0.0103759765625,0.0,0.0
1752010848,rootcling,5491,99.9,0.1005859375,0.0,0.0
1752010868,cmake,5801,0.0,0.0103759765625,0.0,0.0
1752010868,rootcling,5802,99.9,0.27945709228515625,0.00390625,0.00390625
1752010876,cmake,5854,0.0,0.010498046875,0.0,0.0
1752010876,rootcling,5855,99.9,0.21377182006835938,0.015625,0.0
