Time,Name,PID,CPU_Total,Memory_Used_GB,Disk_Read_MB,Disk_Write_MB
1752007584,cmake,11522,0.0,0.010009765625,0.0,0.0
1752007584,rootcling,11532,89.9,0.1091156005859375,0.0,0.01953125
1752007584,cmake,11537,0.0,0.01025390625,0.0,0.0
1752007584,rootcling,11545,99.9,0.1259765625,0.0,0.0
1752007584,cmake,11538,0.0,0.0101318359375,0.0,0.0
1752007584,rootcling,11546,99.9,0.14374542236328125,0.0,0.0
1752007584,cmake,11539,0.0,0.0101318359375,0.0,0.0
1752007584,rootcling,11544,109.8,0.1591339111328125,0.0,0.0
1752007584,cmake,11540,0.0,0.01025390625,0.0,0.0
1752007584,rootcling,11548,99.9,0.18222427368164062,0.0,0.0
1752007584,cmake,11564,0.0,0.0101318359375,0.0,0.0
1752007584,rootcling,11584,89.9,0.19414520263671875,0.0,0.0
1752007584,cmake,11565,0.0,0.0101318359375,0.0,0.0
1752007584,rootcling,11585,89.9,0.19290542602539062,0.0,0.0
1752007602,cmake,12185,0.0,0.01025390625,0.0,0.0
1752007602,rootcling,12186,99.9,0.1536865234375,0.0,0.01953125
1752007603,cmake,12233,0.0,0.01025390625,0.0,0.0
1752007603,rootcling,12242,99.9,0.2401885986328125,0.0,0.0
1752007603,cmake,12234,0.0,0.010009765625,0.0,0.0
1752007603,rootcling,12239,99.9,0.2608528137207031,0.0,0.00390625
1752007603,cmake,12236,0.0,0.0101318359375,0.0,0.0
1752007603,cmake,12243,0.0,0.0103759765625,0.0,0.0
1752007603,rootcling,12245,109.9,0.3005943298339844,0.0,0.00390625
1752007603,cmake,12244,0.0,0.01025390625,0.0,0.0
1752007603,rootcling,12246,99.9,0.2995262145996094,0.0,0.00390625
1752007620,cmake,12539,0.0,0.01025390625,0.0,0.0
1752007620,rootcling,12540,99.9,0.23838424682617188,0.0,0.0
1752007640,cmake,12801,0.0,0.0103759765625,0.0,0.0
1752007640,rootcling,12802,89.9,0.2951087951660156,0.0,0.00390625
